<?xml version="1.0" encoding="UTF-8"?>
<project-private xmlns="http://www.netbeans.org/ns/project-private/1">
    <editor-bookmarks xmlns="http://www.netbeans.org/ns/editor-bookmarks/2" lastBookmarkId="0"/>
    <open-files xmlns="http://www.netbeans.org/ns/projectui-open-files/2">
        <group>
            <file>file:/C:/Users/shiva/OneDrive/Documents/NetBeansProjects/PrisonerManagement/src/Dashboard.java</file>
            <file>file:/C:/Users/shiva/OneDrive/Documents/NetBeansProjects/PrisonerManagement/src/WardenManagement.java</file>
            <file>file:/C:/Users/shiva/OneDrive/Documents/NetBeansProjects/PrisonerManagement/src/WardenSecurity.java</file>
            <file>file:/C:/Users/shiva/OneDrive/Documents/NetBeansProjects/PrisonerManagement/src/PrisonerManage.java</file>
            <file>file:/C:/Users/shiva/OneDrive/Documents/NetBeansProjects/PrisonerManagement/src/PRISONCHECKRESULT.java</file>
            <file>file:/C:/Users/shiva/OneDrive/Documents/NetBeansProjects/PrisonerManagement/src/Login.java</file>
        </group>
    </open-files>
</project-private>
